{"age_edges": [6.0, 7.0, 8.0, 9.0], "mileage_edges": [5915.800000000001, 13334.600000000002, 22848.800000000003, 37267.200000000004]}