{
  "qbin_n": 10,
  "edges": {
    "mileage": [
      1.0,
      2838.0,
      5915.800000000001,
      9502.700000000004,
      13334.600000000002,
      17555.5,
      22848.800000000017,
      29261.300000000003,
      37267.200000000004,
      51000.0,
      323000.0
    ],
    "age": [
      1.0,
      6.0,
      7.0,
      8.0,
      9.0,
      10.0,
      29.0
    ]
  }
}